"Timestamp","Participant_id","Technique","Gesture_set","Pointer_type","height","distance","Checkpoint_time","Object_view_time","Total_time","mistake_count","d_from_center","d_from_center_with_spike","personalization_type","combo_index",
"8/17/2022 2:21:22 PM","1","WRIST_ARM","GS2","G","0","10.5","4.441458","0.5792147","4.441458","36","0.230251","0.230251","W1","1"
"8/17/2022 2:21:26 PM","1","WRIST_ARM","GS2","G","0","10.5","4.381784","0.5146241","8.823241","0","0.2480061","0.2480061","W1","2"
"8/17/2022 2:21:30 PM","1","WRIST_ARM","GS2","G","5","10.5","3.78758","0.8907861","12.61082","0","0.2480061","0.2480061","W1","3"
"8/17/2022 2:21:34 PM","1","WRIST_ARM","GS2","G","0","3.5","4.249076","1.853459","16.85989","0","0.2500221","0.3210434","W1","4"
"8/17/2022 2:21:37 PM","1","WRIST_ARM","GS2","G","0","7","2.908161","1.010273","19.76806","0","0.2500221","0.3210434","W1","5"
"8/17/2022 2:21:42 PM","1","WRIST_ARM","GS2","G","2.5","10.5","4.776248","0.8895754","24.54431","0","0.3192972","7.961799","W1","6"
"8/17/2022 2:21:44 PM","1","WRIST_ARM","GS2","G","0","7","2.253985","0.7218193","26.79829","0","0.3192972","7.961799","W1","7"
"8/17/2022 2:21:47 PM","1","WRIST_ARM","GS2","G","5","3.5","2.773817","1.324722","29.5721","0","0.3192972","7.961799","W1","8"
"8/17/2022 2:21:50 PM","1","WRIST_ARM","GS2","G","0","10.5","2.934689","1.318226","32.50679","1","0.3189607","0.2713099","W1","9"
"8/17/2022 2:21:55 PM","1","WRIST_ARM","GS2","G","2.5","7","4.998759","0.7229024","37.50554","0","0.3516005","0.3281518","W1","10"
"8/17/2022 2:21:59 PM","1","WRIST_ARM","GS2","G","0","7","3.785033","0.5272946","41.29059","1","0.3485439","0.3600501","W1","11"
"8/17/2022 2:22:06 PM","1","WRIST_ARM","GS2","G","5","10.5","6.977727","0.8354059","48.26834","0","0.3485439","0.3600501","W1","12"
"8/17/2022 2:22:08 PM","1","WRIST_ARM","GS2","G","0","10.5","2.960957","0.7765732","51.22929","2","0.2988953","0.2988953","W1","13"
"8/17/2022 2:22:12 PM","1","WRIST_ARM","GS2","G","2.5","3.5","3.455524","0.460248","54.6848","0","0.3313954","0.3313954","W1","14"
"8/17/2022 2:22:15 PM","1","WRIST_ARM","GS2","G","0","7","2.646414","0.5182174","57.33121","0","0.3519858","0.3519858","W1","15"
"8/17/2022 2:22:27 PM","1","WRIST_ARM","GS2","G","2.5","10.5","12.69779","0.3337026","70.02908","4","0.3571858","0.3637756","W1","16"
"8/17/2022 2:22:34 PM","1","WRIST_ARM","GS2","G","0","10.5","6.4712","1.569736","76.50038","2","0.3571858","0.3637756","W1","17"
"8/17/2022 2:22:36 PM","1","WRIST_ARM","GS2","G","0","7","2.59139","0.653738","79.09177","0","0.2167998","0.3298136","W1","18"
"8/17/2022 2:22:44 PM","1","WRIST_ARM","GS2","G","5","3.5","7.978355","4.441607","87.07023","2","0.3581948","12.86551","W1","19"
"8/17/2022 2:22:47 PM","1","WRIST_ARM","GS2","G","0","7","2.602262","0.9701157","89.67252","0","0.2451308","0.2842325","W1","20"
"8/17/2022 2:22:57 PM","1","WRIST_ARM","GS2","G","5","10.5","10.45601","1.086712","100.1286","0","0.2451308","0.2842325","W1","21"
"8/17/2022 2:22:59 PM","1","WRIST_ARM","GS2","G","0","10.5","2.059763","0.2476606","102.1884","0","0.2451308","0.2842325","W1","22"
"8/17/2022 2:23:03 PM","1","WRIST_ARM","GS2","G","2.5","7","3.43827","0.4725297","105.6266","0","0.2451308","0.2842325","W1","23"
"8/17/2022 2:23:05 PM","1","WRIST_ARM","GS2","G","0","3.5","2.062001","0.7233878","107.6886","0","0.2148633","0.2148633","W1","24"
"8/17/2022 2:23:07 PM","1","WRIST_ARM","GS2","G","0","7","2.24073","0.5285056","109.9293","0","0.2984279","0.2984279","W1","25"
"8/17/2022 2:23:10 PM","1","WRIST_ARM","GS2","G","0","3.5","2.937901","0.6257137","112.8673","0","0.3445775","0.3445775","W1","26"
"8/17/2022 2:23:13 PM","1","WRIST_ARM","GS2","G","2.5","3.5","2.716172","0.597149","115.5834","0","0.3445775","0.3445775","W1","27"
"8/17/2022 2:23:15 PM","1","WRIST_ARM","GS2","G","0","3.5","2.003803","1.180728","117.5872","0","0.3445775","0.3445775","W1","28"
"8/17/2022 2:23:25 PM","1","WRIST_ARM","GS2","G","5","7","10.02446","0.6947999","127.6116","1","0.2447539","0.2447539","W1","29"
"8/17/2022 2:23:28 PM","1","WRIST_ARM","GS2","G","0","3.5","3.271542","0.8767394","130.8831","1","0.2447539","0.2447539","W1","30"
"8/17/2022 2:23:32 PM","1","WRIST_ARM","GS2","G","0","3.5","4.064439","1.809402","134.9475","1","0.2447539","0.2447539","W1","31"
"8/17/2022 2:23:36 PM","1","WRIST_ARM","GS2","G","0","7","3.481508","0.9597349","138.4289","2","0.2447539","0.2447539","W1","32"
"8/17/2022 2:23:38 PM","1","WRIST_ARM","GS2","G","5","7","2.339442","0.987871","140.7683","0","0.2690959","0.2690959","W1","33"
"8/17/2022 2:23:44 PM","1","WRIST_ARM","GS2","G","0","3.5","5.943952","1.322092","146.7122","3","0.2690959","0.2690959","W1","34"
"8/17/2022 2:23:48 PM","1","WRIST_ARM","GS2","G","0","10.5","3.591159","1.544555","150.3033","0","0.2690959","0.2690959","W1","35"
"8/17/2022 2:23:52 PM","1","WRIST_ARM","GS2","G","2.5","3.5","4.582047","0.9338315","154.8853","0","0.2690959","0.2690959","W1","36"
"8/17/2022 2:23:56 PM","1","WRIST_ARM","GS2","G","0","3.5","3.744943","1.934186","158.6303","1","0.2690959","0.2690959","W1","37"
"8/17/2022 2:24:00 PM","1","WRIST_ARM","GS2","G","5","7","3.760794","1.182444","162.391","1","0.2690959","0.2690959","W1","38"
"8/17/2022 2:24:06 PM","1","WRIST_ARM","GS2","G","0","10.5","6.108164","1.235135","168.4992","4","0.2502994","3.627395","W1","39"
"8/17/2022 2:24:12 PM","1","WRIST_ARM","GS2","G","5","3.5","6.36778","1.14257","174.867","0","0.2502994","3.627395","W1","40"
"8/17/2022 2:24:19 PM","1","WRIST_ARM","GS2","G","0","7","6.775681","1.48276","181.6426","2","0.2502994","3.627395","W1","41"
"8/17/2022 2:24:24 PM","1","WRIST_ARM","GS2","G","0","10.5","5.068871","1.141413","186.7115","0","0.2502994","3.627395","W1","42"
"8/17/2022 2:24:28 PM","1","WRIST_ARM","GS2","G","2.5","7","3.909436","2.017884","190.6209","0","0.2502994","3.627395","W1","43"
"8/17/2022 2:24:30 PM","1","WRIST_ARM","GS2","G","0","3.5","2.160613","0.670309","192.7815","0","0.3131527","2.285097","W1","44"
"8/17/2022 2:24:35 PM","1","WRIST_ARM","GS2","G","2.5","10.5","5.387669","0.6255206","198.1691","1","0.2209974","0.2209974","W1","45"
"8/17/2022 2:26:09 PM","1","WRIST_ARM","GS2","G","0","10.5","3.185357","0.6255206","3.185357","8","0.3074738","3.900473","W1","1"
"8/17/2022 2:26:43 PM","1","WRIST_ARM","GS2","G","5","10.5","34.05261","0.9459134","37.23796","7","0.3074738","3.900473","W1","2"
"8/17/2022 2:26:46 PM","1","WRIST_ARM","GS2","G","0","10.5","2.759575","0.6969097","39.99752","1","0.3069707","0.3069707","W1","3"
"8/17/2022 2:26:50 PM","1","WRIST_ARM","GS2","G","5","10.5","4.078714","0.6954067","44.07618","0","0.3069707","0.3069707","W1","4"
"8/17/2022 2:26:53 PM","1","WRIST_ARM","GS2","G","0","7","3.661275","1.042764","47.73744","0","0.2737061","0.2737061","W1","5"
"8/17/2022 2:27:00 PM","1","WRIST_ARM","GS2","G","0","10.5","6.599077","0.4738663","54.33652","0","0.2826459","0.2826459","W1","6"
"8/17/2022 2:27:05 PM","1","WRIST_ARM","GS2","G","0","7","4.484154","0.6397673","58.82065","0","0.2826459","0.2826459","W1","7"
"8/17/2022 2:27:07 PM","1","WRIST_ARM","GS2","G","2.5","3.5","2.435467","0.388942","61.2561","0","0.3314867","0.3314867","W1","8"
"8/17/2022 2:27:12 PM","1","WRIST_ARM","GS2","G","0","10.5","4.623487","0.9594362","65.87961","0","0.2500745","0.2500745","W1","9"
"8/17/2022 2:27:14 PM","1","WRIST_ARM","GS2","G","0","3.5","2.185211","0.65281","68.06486","0","0.2500745","0.2500745","W1","10"
"8/17/2022 2:27:31 PM","1","WRIST_ARM","GS2","G","5","7","17.3328","1.504995","85.39754","0","0.2500745","0.2500745","W1","11"
"8/17/2022 2:27:38 PM","1","WRIST_ARM","GS2","G","0","3.5","7.07062","3.326962","92.46809","2","0.2500745","0.2500745","W1","12"
"8/17/2022 2:27:44 PM","1","WRIST_ARM","GS2","G","2.5","7","5.572703","0.8926466","98.04083","1","0.2613268","0.2613268","W1","13"
"8/17/2022 2:27:48 PM","1","WRIST_ARM","GS2","G","0","7","4.20195","0.8329977","102.2428","1","0.3055271","0.3055271","W1","14"
"8/17/2022 2:27:52 PM","1","WRIST_ARM","GS2","G","0","7","3.942546","0.6673424","106.1854","2","0.2276006","0.2276006","W1","15"
"8/17/2022 2:27:57 PM","1","WRIST_ARM","GS2","G","5","7","5.191062","1.042132","111.3765","2","0.2276006","0.2276006","W1","16"
"8/17/2022 2:28:01 PM","1","WRIST_ARM","GS2","G","0","10.5","3.830124","1.306992","115.2066","1","0.2276006","0.2276006","W1","17"
"8/17/2022 2:28:09 PM","1","WRIST_ARM","GS2","G","5","7","7.878492","1.027966","123.085","2","0.2276006","0.2276006","W1","18"
"8/17/2022 2:28:12 PM","1","WRIST_ARM","GS2","G","0","3.5","2.755675","1.143534","125.8407","0","0.2889369","2.164973","W1","19"
"8/17/2022 2:28:16 PM","1","WRIST_ARM","GS2","G","2.5","7","4.859935","1.128207","130.7006","1","0.2515299","0.2515299","W1","20"
"8/17/2022 2:28:19 PM","1","WRIST_ARM","GS2","G","0","3.5","2.464972","0.7914157","133.1655","0","0.3391577","2.211011","W1","21"
"8/17/2022 2:28:22 PM","1","WRIST_ARM","GS2","G","2.5","3.5","2.895077","0.8898519","136.0607","0","0.3391577","2.211011","W1","22"
"8/17/2022 2:28:24 PM","1","WRIST_ARM","GS2","G","0","3.5","2.019584","0.9471055","138.0804","0","0.2724319","2.341473","W1","23"
"8/17/2022 2:28:44 PM","1","WRIST_ARM","GS2","G","2.5","10.5","20.32663","0.5419825","158.4073","0","0.2724319","2.341473","W1","24"
"8/17/2022 2:28:47 PM","1","WRIST_ARM","GS2","G","0","3.5","2.506863","0.6648403","160.9142","0","0.2982108","0.3642138","W1","25"
"8/17/2022 2:28:53 PM","1","WRIST_ARM","GS2","G","2.5","10.5","6.682736","0.8331819","167.5969","3","0.2505053","0.2505053","W1","26"
"8/17/2022 2:29:02 PM","1","WRIST_ARM","GS2","G","0","10.5","8.742221","0.5263875","176.3391","0","0.2505053","0.2505053","W1","27"
"8/17/2022 2:29:06 PM","1","WRIST_ARM","GS2","G","0","7","3.785241","1.043387","180.1242","0","0.2746097","6.805843","W1","28"
"8/17/2022 2:29:08 PM","1","WRIST_ARM","GS2","G","0","3.5","2.173167","0.5013366","182.2974","0","0.2746097","6.805843","W1","29"
"8/17/2022 2:29:14 PM","1","WRIST_ARM","GS2","G","5","3.5","5.667227","1.114385","187.9647","0","0.3581442","0.3581442","W1","30"
"8/17/2022 2:29:23 PM","1","WRIST_ARM","GS2","G","0","7","9.521175","0.846844","197.4857","0","0.2884858","0.2884858","W1","31"
"8/17/2022 2:30:12 PM","1","WRIST_ARM","GS2","G","5","10.5","48.65943","1.044349","246.1453","8","0.3670034","9.524854","W1","32"
"8/17/2022 2:30:18 PM","1","WRIST_ARM","GS2","G","0","10.5","6.249977","1.23664","252.3953","1","0.3670034","9.524854","W1","33"
"8/17/2022 2:30:22 PM","1","WRIST_ARM","GS2","G","5","3.5","4.121122","1.710697","256.5165","2","0.3670034","9.524854","W1","34"
"8/17/2022 2:30:26 PM","1","WRIST_ARM","GS2","G","0","7","3.425654","0.7077047","259.9425","0","0.3670034","9.524854","W1","35"
"8/17/2022 2:31:10 PM","1","WRIST_ARM","GS2","G","2.5","10.5","44.4407","1.000949","304.3831","3","0.3544108","7.413873","W1","36"
"8/17/2022 2:31:13 PM","1","WRIST_ARM","GS2","G","0","3.5","2.421834","1.140095","306.8048","0","0.3544108","7.413873","W1","37"
"8/17/2022 2:31:18 PM","1","WRIST_ARM","GS2","G","0","10.5","5.514584","1.824001","312.3193","1","0.2595796","0.2595796","W1","38"
"8/17/2022 2:31:22 PM","1","WRIST_ARM","GS2","G","0","7","3.745332","0.6391069","316.0647","0","0.3520003","3.30977","W1","39"
"8/17/2022 2:31:24 PM","1","WRIST_ARM","GS2","G","2.5","3.5","2.700813","0.987505","318.7657","0","0.3240904","0.3240904","W1","40"
"8/17/2022 2:31:29 PM","1","WRIST_ARM","GS2","G","0","10.5","4.07976","0.5974263","322.8454","0","0.3020841","0.3020841","W1","41"
"8/17/2022 2:31:31 PM","1","WRIST_ARM","GS2","G","0","3.5","2.322862","0.6527755","325.1682","0","0.3014786","0.3014786","W1","42"
"8/17/2022 2:31:38 PM","1","WRIST_ARM","GS2","G","2.5","7","7.25614","0.7797242","332.4243","1","0.3198099","0.3198099","W1","43"
"8/17/2022 2:31:43 PM","1","WRIST_ARM","GS2","G","0","7","4.382007","1.261917","336.8066","2","0.3198099","0.3198099","W1","44"
"8/17/2022 2:31:49 PM","1","WRIST_ARM","GS2","G","5","3.5","6.337259","1.170765","343.144","0","0.3198099","0.3198099","W1","45"
"8/17/2022 2:43:45 PM","1","WRIST_ARM","GS2","G","0","7","1.642267","1.602007","1.642267","4","0.2858085","0.2858085","W2","1"
"8/17/2022 2:43:48 PM","1","WRIST_ARM","GS2","G","0","10.5","2.698435","0.5842475","4.340702","0","0.2858085","0.2858085","W2","2"
"8/17/2022 2:43:52 PM","1","WRIST_ARM","GS2","G","2.5","10.5","4.358808","0.4990173","8.699509","0","0.2858085","0.2858085","W2","3"
"8/17/2022 2:43:55 PM","1","WRIST_ARM","GS2","G","0","7","2.560138","0.5253041","11.25965","0","0.3290706","0.3110169","W2","4"
"8/17/2022 2:43:58 PM","1","WRIST_ARM","GS2","G","5","3.5","3.383877","1.965638","14.64351","0","0.3129809","0.3129809","W2","5"
"8/17/2022 2:44:01 PM","1","WRIST_ARM","GS2","G","0","10.5","2.838937","0.3643669","17.48244","1","0.2936019","2.306488","W2","6"
"8/17/2022 2:44:05 PM","1","WRIST_ARM","GS2","G","0","3.5","3.510005","0.6564975","20.99244","0","0.2936019","2.306488","W2","7"
"8/17/2022 2:44:10 PM","1","WRIST_ARM","GS2","G","2.5","7","5.390024","1.268452","26.38246","0","0.2314147","0.2314147","W2","8"
"8/17/2022 2:44:14 PM","1","WRIST_ARM","GS2","G","0","7","3.801491","0.6545922","30.18395","1","0.3274742","0.3274742","W2","9"
"8/17/2022 2:44:40 PM","1","WRIST_ARM","GS2","G","2.5","10.5","26.15837","0.5849863","56.34235","3","0.293977","0.293977","W2","10"
"8/17/2022 2:44:44 PM","1","WRIST_ARM","GS2","G","0","10.5","3.618945","0.8626945","59.96131","3","0.3225637","0.3225637","W2","11"
"8/17/2022 2:44:46 PM","1","WRIST_ARM","GS2","G","0","7","2.589872","0.5845464","62.55119","0","0.3225637","0.3225637","W2","12"
"8/17/2022 2:44:53 PM","1","WRIST_ARM","GS2","G","5","7","7.266189","2.004558","69.81737","3","0.3225637","0.3225637","W2","13"
"8/17/2022 2:44:58 PM","1","WRIST_ARM","GS2","G","0","3.5","4.523496","1.908076","74.34081","1","0.3225637","0.3225637","W2","14"
"8/17/2022 2:45:04 PM","1","WRIST_ARM","GS2","G","5","10.5","6.072172","0.9487484","80.41306","1","0.3225637","0.3225637","W2","15"
"8/17/2022 2:45:07 PM","1","WRIST_ARM","GS2","G","0","3.5","2.911074","1.336247","83.32412","2","0.3121941","0.3121941","W2","16"
"8/17/2022 2:45:12 PM","1","WRIST_ARM","GS2","G","5","10.5","4.94032","1.015154","88.26445","0","0.2869152","12.34935","W2","17"
"8/17/2022 2:45:17 PM","1","WRIST_ARM","GS2","G","0","7","5.138553","1.01653","93.40305","1","0.2676908","0.2986457","W2","18"
"8/17/2022 2:45:25 PM","1","WRIST_ARM","GS2","G","5","7","8.451553","1.126788","101.8546","1","0.2676908","0.2986457","W2","19"
"8/17/2022 2:45:29 PM","1","WRIST_ARM","GS2","G","0","7","3.647624","0.8617729","105.5022","0","0.281784","0.281784","W2","20"
"8/17/2022 2:45:37 PM","1","WRIST_ARM","GS2","G","5","3.5","7.838035","1.559293","113.3403","2","0.281784","0.281784","W2","21"
"8/17/2022 2:45:40 PM","1","WRIST_ARM","GS2","G","0","10.5","3.021523","1.001103","116.3618","0","0.3275533","0.2725342","W2","22"
"8/17/2022 2:45:42 PM","1","WRIST_ARM","GS2","G","0","3.5","2.156402","0.5977891","118.5182","0","0.1896799","0.1896799","W2","23"
"8/17/2022 2:45:46 PM","1","WRIST_ARM","GS2","G","0","10.5","3.580568","1.293994","122.0987","0","0.2831487","0.2831487","W2","24"
"8/17/2022 2:45:47 PM","1","WRIST_ARM","GS2","G","2.5","3.5","1.794374","0.6527116","123.8931","0","0.295543","17.31453","W2","25"
"8/17/2022 2:45:50 PM","1","WRIST_ARM","GS2","G","0","3.5","2.687929","1.028943","126.5811","0","0.295543","17.31453","W2","26"
"8/17/2022 2:45:55 PM","1","WRIST_ARM","GS2","G","5","10.5","5.21988","0.8621618","131.801","0","0.295543","17.31453","W2","27"
"8/17/2022 2:45:58 PM","1","WRIST_ARM","GS2","G","0","3.5","3.062833","3.062833","134.864","1","0.295543","17.31453","W2","28"
"8/17/2022 2:46:01 PM","1","WRIST_ARM","GS2","G","2.5","3.5","2.2987","0.8212211","137.1626","1","0.295543","17.31453","W2","29"
"8/17/2022 2:46:07 PM","1","WRIST_ARM","GS2","G","0","10.5","6.431155","0.7211797","143.5937","0","0.2931685","3.991037","W2","30"
"8/17/2022 2:46:37 PM","1","WRIST_ARM","GS2","G","5","7","29.85077","1.028863","173.4446","5","0.2565776","15.3314","W2","31"
"8/17/2022 2:46:44 PM","1","WRIST_ARM","GS2","G","0","3.5","6.891046","1.139872","180.3356","0","0.2714908","0.2714908","W2","32"
"8/17/2022 2:46:47 PM","1","WRIST_ARM","GS2","G","0","3.5","3.465693","1.459672","183.8012","1","0.3217845","0.3217845","W2","33"
"8/17/2022 2:46:55 PM","1","WRIST_ARM","GS2","G","2.5","3.5","7.295031","0.8625139","191.0964","1","0.2882231","0.2882231","W2","34"
"8/17/2022 2:46:58 PM","1","WRIST_ARM","GS2","G","0","10.5","3.50761","0.8341635","194.604","1","0.2477276","0.2477276","W2","35"
"8/17/2022 2:47:14 PM","1","WRIST_ARM","GS2","G","2.5","7","15.74681","1.742906","210.3509","3","0.2477276","0.2477276","W2","36"
"8/17/2022 2:47:21 PM","1","WRIST_ARM","GS2","G","0","10.5","7.293386","2.017103","217.6445","0","0.3165961","2.06424","W2","37"
"8/17/2022 2:47:25 PM","1","WRIST_ARM","GS2","G","0","7","3.929075","0.9327142","221.5735","0","0.3165961","2.06424","W2","38"
"8/17/2022 2:47:30 PM","1","WRIST_ARM","GS2","G","2.5","10.5","4.65018","1.181525","226.2237","1","0.3947814","0.3947814","W2","39"
"8/17/2022 2:47:32 PM","1","WRIST_ARM","GS2","G","0","7","2.627328","0.7765999","228.851","0","0.3081075","2.144941","W2","40"
"8/17/2022 2:47:40 PM","1","WRIST_ARM","GS2","G","2.5","7","7.869397","0.6701559","236.7204","2","0.3081075","2.144941","W2","41"
"8/17/2022 2:47:44 PM","1","WRIST_ARM","GS2","G","0","7","3.85617","1.041365","240.5766","0","0.2987321","2.213301","W2","42"
"8/17/2022 2:47:55 PM","1","WRIST_ARM","GS2","G","0","10.5","10.49712","0.7379409","251.0738","1","0.3213638","5.769385","W2","43"
"8/17/2022 2:47:57 PM","1","WRIST_ARM","GS2","G","0","3.5","2.117807","0.7799061","253.1917","0","0.2874506","0.2874506","W2","44"
"8/17/2022 2:48:00 PM","1","WRIST_ARM","GS2","G","5","3.5","3.647974","2.157891","256.8396","0","0.2874506","0.2874506","W2","45"
"8/17/2022 2:49:32 PM","1","WRIST_ARM","GS2","G","0","10.5","2.932779","2.157891","2.932779","13","0.2196712","3.752667","W2","1"
"8/17/2022 2:49:39 PM","1","WRIST_ARM","GS2","G","0","10.5","7.049271","0.5898311","9.98205","1","0.2196712","3.752667","W2","2"
"8/17/2022 2:49:48 PM","1","WRIST_ARM","GS2","G","5","10.5","8.726014","0.6262504","18.70807","1","0.2196712","3.752667","W2","3"
"8/17/2022 2:49:52 PM","1","WRIST_ARM","GS2","G","0","3.5","3.942061","1.586398","22.65014","1","0.2554182","2.622437","W2","4"
"8/17/2022 2:49:55 PM","1","WRIST_ARM","GS2","G","2.5","3.5","3.338869","2.088901","25.98901","0","0.3046373","0.3046373","W2","5"
"8/17/2022 2:49:58 PM","1","WRIST_ARM","GS2","G","0","3.5","3.106031","1.461579","29.09505","1","0.2655275","0.2645669","W2","6"
"8/17/2022 2:50:01 PM","1","WRIST_ARM","GS2","G","2.5","10.5","3.12023","0.6947916","32.21526","0","0.2655275","0.2645669","W2","7"
"8/17/2022 2:50:08 PM","1","WRIST_ARM","GS2","G","0","10.5","6.014537","0.6107026","38.2298","0","0.268768","2.592412","W2","8"
"8/17/2022 2:50:15 PM","1","WRIST_ARM","GS2","G","2.5","10.5","7.628273","1.071958","45.85807","0","0.268768","2.592412","W2","9"
"8/17/2022 2:50:23 PM","1","WRIST_ARM","GS2","G","0","10.5","7.479695","1.043829","53.33777","2","0.2248907","0.2248907","W2","10"
"8/17/2022 2:50:29 PM","1","WRIST_ARM","GS2","G","5","10.5","6.121064","0.9443102","59.45879","1","0.2303549","0.2303549","W2","11"
"8/17/2022 2:50:32 PM","1","WRIST_ARM","GS2","G","0","7","3.637465","1.434823","63.09624","0","0.2303549","0.2303549","W2","12"
"8/17/2022 2:50:35 PM","1","WRIST_ARM","GS2","G","0","10.5","2.670385","1.001344","65.76662","0","0.285044","3.760236","W2","13"
"8/17/2022 2:50:37 PM","1","WRIST_ARM","GS2","G","2.5","7","2.101668","0.7929155","67.8683","1","0.285044","3.760236","W2","14"
"8/17/2022 2:50:40 PM","1","WRIST_ARM","GS2","G","0","10.5","2.866683","0.8093054","70.735","1","0.285044","3.760236","W2","15"
"8/17/2022 2:50:44 PM","1","WRIST_ARM","GS2","G","5","7","3.662572","1.281548","74.3976","1","0.285044","3.760236","W2","16"
"8/17/2022 2:50:46 PM","1","WRIST_ARM","GS2","G","0","3.5","2.393835","1.475234","76.7914","0","0.285044","3.760236","W2","17"
"8/17/2022 2:50:49 PM","1","WRIST_ARM","GS2","G","5","3.5","2.897039","1.393187","79.68842","0","0.2749468","0.2749468","W2","18"
"8/17/2022 2:50:55 PM","1","WRIST_ARM","GS2","G","0","3.5","5.804384","1.181642","85.49284","0","0.2309229","0.2309229","W2","19"
"8/17/2022 2:50:59 PM","1","WRIST_ARM","GS2","G","2.5","7","3.843364","1.393981","89.33613","0","0.2414474","0.2414474","W2","20"
"8/17/2022 2:51:02 PM","1","WRIST_ARM","GS2","G","0","7","3.175474","1.268326","92.51162","0","0.3414714","3.730466","W2","21"
"8/17/2022 2:51:17 PM","1","WRIST_ARM","GS2","G","5","10.5","15.71719","1.001356","108.2289","1","0.3163899","0.3163899","W2","22"
"8/17/2022 2:51:22 PM","1","WRIST_ARM","GS2","G","0","3.5","4.860617","1.154874","113.0895","0","0.2501099","2.59016","W2","23"
"8/17/2022 2:51:31 PM","1","WRIST_ARM","GS2","G","5","7","8.476547","1.20926","121.566","1","0.2501099","2.59016","W2","24"
"8/17/2022 2:51:34 PM","1","WRIST_ARM","GS2","G","0","3.5","3.579065","1.645147","125.1451","0","0.2379448","0.2379448","W2","25"
"8/17/2022 2:51:40 PM","1","WRIST_ARM","GS2","G","2.5","10.5","5.652434","1.002353","130.7975","1","0.2864518","0.2864518","W2","26"
"8/17/2022 2:51:45 PM","1","WRIST_ARM","GS2","G","0","10.5","5.097358","0.7787676","135.8946","0","0.2409887","0.2409887","W2","27"
"8/17/2022 2:51:52 PM","1","WRIST_ARM","GS2","G","2.5","3.5","6.903978","0.8614044","142.7988","1","0.2409887","0.2409887","W2","28"
"8/17/2022 2:51:58 PM","1","WRIST_ARM","GS2","G","0","3.5","5.457755","1.80827","148.2566","3","0.2810423","2.494432","W2","29"
"8/17/2022 2:52:00 PM","1","WRIST_ARM","GS2","G","0","7","2.435379","0.6685778","150.692","1","0.2810423","2.494432","W2","30"
"8/17/2022 2:52:09 PM","1","WRIST_ARM","GS2","G","5","3.5","9.260194","2.981423","159.9521","0","0.2810423","2.494432","W2","31"
"8/17/2022 2:52:25 PM","1","WRIST_ARM","GS2","G","0","10.5","15.52144","0.9029769","175.4732","0","0.2519203","0.2519203","W2","32"
"8/17/2022 2:52:27 PM","1","WRIST_ARM","GS2","G","0","7","2.493989","0.7647532","177.9672","0","0.2823394","0.2823394","W2","33"
"8/17/2022 2:52:31 PM","1","WRIST_ARM","GS2","G","5","7","3.339763","0.7923405","181.307","0","0.2775986","0.3662473","W2","34"
"8/17/2022 2:52:34 PM","1","WRIST_ARM","GS2","G","0","7","3.051128","0.9040985","184.3582","0","0.2576629","0.2533016","W2","35"
"8/17/2022 2:52:41 PM","1","WRIST_ARM","GS2","G","5","3.5","6.988132","1.712076","191.3463","1","0.2517613","0.2517613","W2","36"
"8/17/2022 2:52:43 PM","1","WRIST_ARM","GS2","G","0","7","2.22758","0.8753481","193.5738","0","0.2517613","0.2517613","W2","37"
"8/17/2022 2:52:46 PM","1","WRIST_ARM","GS2","G","0","10.5","3.243271","0.7380799","196.8172","0","0.2517613","0.2517613","W2","38"
"8/17/2022 2:52:49 PM","1","WRIST_ARM","GS2","G","0","7","2.590923","0.5290887","199.4081","0","0.2517613","0.2517613","W2","39"
"8/17/2022 2:52:51 PM","1","WRIST_ARM","GS2","G","0","3.5","2.128746","0.6533461","201.5369","0","0.2517613","0.2517613","W2","40"
"8/17/2022 2:52:53 PM","1","WRIST_ARM","GS2","G","2.5","3.5","1.979852","1.087449","203.5168","0","0.2517613","0.2517613","W2","41"
"8/17/2022 2:52:55 PM","1","WRIST_ARM","GS2","G","0","3.5","2.099184","1.277413","205.6161","0","0.3051583","0.3051583","W2","42"
"8/17/2022 2:53:00 PM","1","WRIST_ARM","GS2","G","0","7","5.513897","0.8211043","211.13","0","0.1918249","0.1918249","W2","43"
"8/17/2022 2:53:03 PM","1","WRIST_ARM","GS2","G","0","7","2.24098","0.7367722","213.371","0","0.3132016","0.3132016","W2","44"
"8/17/2022 2:53:05 PM","1","WRIST_ARM","GS2","G","2.5","7","2.104045","0.695671","215.4751","0","0.3132016","0.3132016","W2","45"
"8/17/2022 2:59:55 PM","1","WRIST_ARM","GS2","G","0","7","2.074552","0.881182","2.074552","1","0.2947409","0.2947409","W3","1"
"8/17/2022 3:00:06 PM","1","WRIST_ARM","GS2","G","5","10.5","10.38352","0.8636535","12.45807","2","0.2815982","0.2815982","W3","2"
"8/17/2022 3:00:08 PM","1","WRIST_ARM","GS2","G","0","7","2.616194","0.8066095","15.07427","0","0.2382668","0.3092861","W3","3"
"8/17/2022 3:00:11 PM","1","WRIST_ARM","GS2","G","2.5","10.5","2.813881","0.6002362","17.88815","0","0.2289198","9.186426","W3","4"
"8/17/2022 3:00:12 PM","1","WRIST_ARM","GS2","G","0","3.5","1.309564","0.4511716","19.1977","0","0.2289198","9.186426","W3","5"
"8/17/2022 3:00:18 PM","1","WRIST_ARM","GS2","G","0","7","5.233299","0.7651991","24.43099","1","0.3381361","0.3381361","W3","6"
"8/17/2022 3:00:45 PM","1","WRIST_ARM","GS2","G","0","7","27.62407","1.044062","52.05515","5","0.3381361","0.3381361","W3","7"
"8/17/2022 3:00:50 PM","1","WRIST_ARM","GS2","G","5","10.5","4.27477","1.501101","56.32991","0","0.4015124","12.01335","W3","8"
"8/17/2022 3:00:55 PM","1","WRIST_ARM","GS2","G","0","10.5","5.146845","1.546835","61.47674","0","0.2713949","3.046274","W3","9"
"8/17/2022 3:01:07 PM","1","WRIST_ARM","GS2","G","2.5","10.5","12.55989","1.129989","74.03667","1","0.303697","9.042929","W3","10"
"8/17/2022 3:01:10 PM","1","WRIST_ARM","GS2","G","0","7","3.062937","0.906504","77.0996","1","0.2243054","0.2243054","W3","11"
"8/17/2022 3:01:12 PM","1","WRIST_ARM","GS2","G","0","3.5","1.711959","0.7795947","78.81157","1","0.2243054","0.2243054","W3","12"
"8/17/2022 3:01:15 PM","1","WRIST_ARM","GS2","G","5","7","3.165208","1.895892","81.97677","0","0.2243054","0.2243054","W3","13"
"8/17/2022 3:01:18 PM","1","WRIST_ARM","GS2","G","0","7","2.558249","1.053354","84.53501","0","0.2243054","0.2243054","W3","14"
"8/17/2022 3:01:21 PM","1","WRIST_ARM","GS2","G","0","10.5","3.535521","0.8330019","88.07053","1","0.3006295","4.32015","W3","15"
"8/17/2022 3:01:23 PM","1","WRIST_ARM","GS2","G","0","3.5","1.642577","0.8215054","89.71311","0","0.3105903","7.607205","W3","16"
"8/17/2022 3:01:26 PM","1","WRIST_ARM","GS2","G","2.5","3.5","2.74348","1.308468","92.45658","0","0.3262135","0.3262135","W3","17"
"8/17/2022 3:01:32 PM","1","WRIST_ARM","GS2","G","0","10.5","5.901754","0.9316048","98.35835","2","0.2624569","2.632098","W3","18"
"8/17/2022 3:01:40 PM","1","WRIST_ARM","GS2","G","2.5","7","8.174543","0.8071271","106.5329","3","0.2624569","2.632098","W3","19"
"8/17/2022 3:01:42 PM","1","WRIST_ARM","GS2","G","0","3.5","2.016124","2.016124","108.549","0","0.2624569","2.632098","W3","20"
"8/17/2022 3:01:45 PM","1","WRIST_ARM","GS2","G","2.5","7","3.330239","1.699","111.8792","1","0.3370563","0.3370563","W3","21"
"8/17/2022 3:01:47 PM","1","WRIST_ARM","GS2","G","0","3.5","2.211834","0.8899301","114.091","0","0.2802002","3.761309","W3","22"
"8/17/2022 3:01:50 PM","1","WRIST_ARM","GS2","G","5","3.5","2.787603","1.576311","116.8787","0","0.2822619","0.2822619","W3","23"
"8/17/2022 3:01:53 PM","1","WRIST_ARM","GS2","G","0","7","2.62822","0.9155318","119.5068","0","0.2822619","0.2822619","W3","24"
"8/17/2022 3:01:56 PM","1","WRIST_ARM","GS2","G","2.5","3.5","2.911417","0.8623221","122.4182","1","0.3139387","0.3727994","W3","25"
"8/17/2022 3:01:58 PM","1","WRIST_ARM","GS2","G","0","3.5","2.336421","1.223437","124.7546","0","0.1949633","3.489275","W3","26"
"8/17/2022 3:02:07 PM","1","WRIST_ARM","GS2","G","5","10.5","8.717183","0.7517022","133.4717","0","0.1949633","3.489275","W3","27"
"8/17/2022 3:02:11 PM","1","WRIST_ARM","GS2","G","0","7","3.840618","0.7637061","137.3122","3","0.3430314","2.381423","W3","28"
"8/17/2022 3:02:13 PM","1","WRIST_ARM","GS2","G","0","7","2.897728","0.6964641","140.2098","1","0.3172441","7.113943","W3","29"
"8/17/2022 3:02:16 PM","1","WRIST_ARM","GS2","G","2.5","10.5","2.658369","0.6395587","142.8681","0","0.3172441","7.113943","W3","30"
"8/17/2022 3:02:18 PM","1","WRIST_ARM","GS2","G","0","3.5","2.048198","1.056916","144.9164","0","0.3172441","7.113943","W3","31"
"8/17/2022 3:02:21 PM","1","WRIST_ARM","GS2","G","2.5","3.5","2.421958","1.126099","147.3384","0","0.3172441","7.113943","W3","32"
"8/17/2022 3:02:23 PM","1","WRIST_ARM","GS2","G","0","10.5","2.590089","0.5832361","149.9285","0","0.2582973","3.299252","W3","33"
"8/17/2022 3:02:26 PM","1","WRIST_ARM","GS2","G","0","10.5","2.408507","0.8334697","152.3371","0","0.2502793","5.830131","W3","34"
"8/17/2022 3:02:27 PM","1","WRIST_ARM","GS2","G","0","3.5","1.629718","0.666685","153.9669","0","0.2502793","5.830131","W3","35"
"8/17/2022 3:02:29 PM","1","WRIST_ARM","GS2","G","5","7","2.267544","1.139679","156.2344","0","0.2967296","14.93083","W3","36"
"8/17/2022 3:02:39 PM","1","WRIST_ARM","GS2","G","0","10.5","9.495533","0.6113494","165.73","3","0.2777919","3.514909","W3","37"
"8/17/2022 3:02:42 PM","1","WRIST_ARM","GS2","G","5","3.5","2.687322","1.726959","168.4173","0","0.2777919","3.514909","W3","38"
"8/17/2022 3:02:44 PM","1","WRIST_ARM","GS2","G","0","3.5","2.33939","1.615784","170.7568","0","0.2777919","3.514909","W3","39"
"8/17/2022 3:02:46 PM","1","WRIST_ARM","GS2","G","5","3.5","2.381534","1.37756","173.1383","0","0.2516153","14.29812","W3","40"
"8/17/2022 3:02:48 PM","1","WRIST_ARM","GS2","G","0","10.5","1.933051","0.5954807","175.0713","0","0.2516153","14.29812","W3","41"
"8/17/2022 3:02:50 PM","1","WRIST_ARM","GS2","G","0","10.5","1.907298","0.4180764","176.9787","0","0.2502007","5.975651","W3","42"
"8/17/2022 3:02:53 PM","1","WRIST_ARM","GS2","G","5","7","3.177482","1.75446","180.1563","0","0.3075058","14.44879","W3","43"
"8/17/2022 3:03:02 PM","1","WRIST_ARM","GS2","G","0","10.5","9.032044","0.8727522","189.1883","3","0.3075058","14.44879","W3","44"
"8/17/2022 3:03:05 PM","1","WRIST_ARM","GS2","G","2.5","7","2.64674","0.7940473","191.8351","0","0.3390112","0.3448048","W3","45"
"8/17/2022 3:04:36 PM","1","WRIST_ARM","GS2","G","0","3.5","3.384169","0.7940473","3.384169","11","0.1898984","4.888808","W3","1"
"8/17/2022 3:04:38 PM","1","WRIST_ARM","GS2","G","2.5","3.5","1.836335","0.6126731","5.220505","0","0.1898984","4.888808","W3","2"
"8/17/2022 3:04:41 PM","1","WRIST_ARM","GS2","G","0","3.5","2.952217","1.125637","8.172724","1","0.2341204","0.2341204","W3","3"
"8/17/2022 3:04:43 PM","1","WRIST_ARM","GS2","G","5","7","2.306602","0.7532016","10.47932","0","0.2808809","14.82368","W3","4"
"8/17/2022 3:04:47 PM","1","WRIST_ARM","GS2","G","0","10.5","3.917482","0.5873921","14.39681","2","0.3231997","0.2167161","W3","5"
"8/17/2022 3:04:52 PM","1","WRIST_ARM","GS2","G","5","7","4.254861","0.7776526","18.65167","1","0.3231997","0.2167161","W3","6"
"8/17/2022 3:05:06 PM","1","WRIST_ARM","GS2","G","0","10.5","13.91301","0.7862212","32.56468","3","0.3231997","0.2167161","W3","7"
"8/17/2022 3:05:08 PM","1","WRIST_ARM","GS2","G","2.5","3.5","2.473458","0.7791676","35.03814","0","0.3231997","0.2167161","W3","8"
"8/17/2022 3:05:11 PM","1","WRIST_ARM","GS2","G","0","10.5","2.636158","0.7263816","37.67431","0","0.2837028","6.936004","W3","9"
"8/17/2022 3:05:14 PM","1","WRIST_ARM","GS2","G","5","10.5","3.36502","0.7922723","41.03933","0","0.3173443","11.67515","W3","10"
"8/17/2022 3:05:18 PM","1","WRIST_ARM","GS2","G","0","7","4.138136","0.9763012","45.17746","1","0.2828863","2.63712","W3","11"
"8/17/2022 3:05:20 PM","1","WRIST_ARM","GS2","G","0","3.5","1.573143","0.4730878","46.75062","0","0.2884884","0.2884884","W3","12"
"8/17/2022 3:05:23 PM","1","WRIST_ARM","GS2","G","5","3.5","2.92155","1.599431","49.67215","0","0.2884884","0.2884884","W3","13"
"8/17/2022 3:05:25 PM","1","WRIST_ARM","GS2","G","0","3.5","2.338037","1.475408","52.01019","0","0.297641","4.227165","W3","14"
"8/17/2022 3:05:27 PM","1","WRIST_ARM","GS2","G","0","7","1.824579","0.808737","53.83475","0","0.297641","4.227165","W3","15"
"8/17/2022 3:05:31 PM","1","WRIST_ARM","GS2","G","2.5","7","4.358248","0.6270238","58.19304","2","0.297641","4.227165","W3","16"
"8/17/2022 3:05:34 PM","1","WRIST_ARM","GS2","G","0","10.5","2.867694","0.709655","61.06075","0","0.297641","4.227165","W3","17"
"8/17/2022 3:05:37 PM","1","WRIST_ARM","GS2","G","0","7","2.491264","0.5294564","63.55202","1","0.297641","4.227165","W3","18"
"8/17/2022 3:05:39 PM","1","WRIST_ARM","GS2","G","0","10.5","2.743309","0.7110983","66.29535","1","0.297641","4.227165","W3","19"
"8/17/2022 3:05:44 PM","1","WRIST_ARM","GS2","G","0","7","4.386119","0.5020927","70.68143","3","0.2368647","0.2368647","W3","20"
"8/17/2022 3:05:45 PM","1","WRIST_ARM","GS2","G","0","3.5","1.740016","0.6126232","72.42142","0","0.2368647","0.2368647","W3","21"
"8/17/2022 3:05:48 PM","1","WRIST_ARM","GS2","G","2.5","10.5","2.941391","0.9314628","75.3628","0","0.2277244","0.2277244","W3","22"
"8/17/2022 3:05:53 PM","1","WRIST_ARM","GS2","G","0","10.5","4.409835","0.8172267","79.77267","1","0.278422","0.278422","W3","23"
"8/17/2022 3:05:55 PM","1","WRIST_ARM","GS2","G","0","7","1.783295","0.822338","81.55598","0","0.278422","0.278422","W3","24"
"8/17/2022 3:05:59 PM","1","WRIST_ARM","GS2","G","2.5","10.5","4.899774","0.722696","86.45569","1","0.2642712","0.2642712","W3","25"
"8/17/2022 3:06:02 PM","1","WRIST_ARM","GS2","G","0","10.5","2.826972","1.252286","89.28264","0","0.2642712","0.2642712","W3","26"
"8/17/2022 3:06:05 PM","1","WRIST_ARM","GS2","G","5","7","3.02037","1.322073","92.30305","1","0.2642712","0.2642712","W3","27"
"8/17/2022 3:06:08 PM","1","WRIST_ARM","GS2","G","0","3.5","2.853334","1.614691","95.15639","0","0.2642712","0.2642712","W3","28"
"8/17/2022 3:06:11 PM","1","WRIST_ARM","GS2","G","5","3.5","3.204516","1.700532","98.36087","1","0.2642712","0.2642712","W3","29"
"8/17/2022 3:06:16 PM","1","WRIST_ARM","GS2","G","0","3.5","4.71945","1.224354","103.0803","1","0.2170885","3.634474","W3","30"
"8/17/2022 3:06:19 PM","1","WRIST_ARM","GS2","G","0","10.5","3.130874","0.7915182","106.2111","0","0.2170885","3.634474","W3","31"
"8/17/2022 3:06:21 PM","1","WRIST_ARM","GS2","G","5","10.5","1.810661","0.7235864","108.0218","0","0.2170885","3.634474","W3","32"
"8/17/2022 3:06:26 PM","1","WRIST_ARM","GS2","G","0","7","5.399397","1.001137","113.4212","3","0.2709483","3.061054","W3","33"
"8/17/2022 3:06:31 PM","1","WRIST_ARM","GS2","G","5","3.5","4.097301","1.325223","117.5186","0","0.2709483","3.061054","W3","34"
"8/17/2022 3:06:33 PM","1","WRIST_ARM","GS2","G","0","3.5","2.69725","1.863244","120.2158","0","0.244372","3.35184","W3","35"
"8/17/2022 3:06:36 PM","1","WRIST_ARM","GS2","G","2.5","10.5","2.662235","0.7943974","122.8781","1","0.2569209","10.34883","W3","36"
"8/17/2022 3:06:40 PM","1","WRIST_ARM","GS2","G","0","7","3.979435","0.8333291","126.8575","1","0.2803973","4.054621","W3","37"
"8/17/2022 3:06:48 PM","1","WRIST_ARM","GS2","G","2.5","7","8.493964","0.6410486","135.3515","4","0.2789482","11.66229","W3","38"
"8/17/2022 3:06:51 PM","1","WRIST_ARM","GS2","G","0","3.5","2.184171","0.7094117","137.5357","0","0.2752638","3.381585","W3","39"
"8/17/2022 3:06:53 PM","1","WRIST_ARM","GS2","G","0","7","2.605987","0.850721","140.1417","0","0.2752638","3.381585","W3","40"
"8/17/2022 3:06:56 PM","1","WRIST_ARM","GS2","G","2.5","7","2.615644","1.056507","142.7573","0","0.2924185","11.89829","W3","41"
"8/17/2022 3:06:59 PM","1","WRIST_ARM","GS2","G","0","10.5","2.743593","0.6400249","145.5009","0","0.2455184","0.2455184","W3","42"
"8/17/2022 3:07:12 PM","1","WRIST_ARM","GS2","G","5","10.5","13.07204","0.7096447","158.573","0","0.3211614","12.11245","W3","43"
"8/17/2022 3:07:13 PM","1","WRIST_ARM","GS2","G","0","7","1.880734","0.9187536","160.4538","0","0.3211614","12.11245","W3","44"
"8/17/2022 3:07:16 PM","1","WRIST_ARM","GS2","G","2.5","3.5","2.519343","0.8351216","162.9732","1","0.3223486","0.3223486","W3","45"
"8/16/2022 4:44:13 PM","2","WRIST_ARM","GS2","G","0","3.5","1.575913","0.7385201","1.575913","1","0.332197","0.332197","W2","1"
"8/16/2022 4:44:34 PM","2","WRIST_ARM","GS2","G","5","10.5","20.95405","0.8218586","22.52996","1","0.332197","0.332197","W2","2"
"8/16/2022 4:44:37 PM","2","WRIST_ARM","GS2","G","0","3.5","3.185449","3.185449","25.71541","0","0.332197","0.332197","W2","3"
"8/16/2022 4:44:39 PM","2","WRIST_ARM","GS2","G","0","7","1.894256","0.5456281","27.60966","0","0.3326176","3.859127","W2","4"
"8/16/2022 4:44:43 PM","2","WRIST_ARM","GS2","G","5","3.5","3.603554","1.725388","31.21321","0","0.2766354","0.2766354","W2","5"
"8/16/2022 4:44:46 PM","2","WRIST_ARM","GS2","G","0","3.5","2.78455","1.490176","33.99776","0","0.2990448","0.2990448","W2","6"
"8/16/2022 4:44:49 PM","2","WRIST_ARM","GS2","G","5","3.5","3.801139","1.379953","37.7989","0","0.2990448","0.2990448","W2","7"
"8/16/2022 4:44:52 PM","2","WRIST_ARM","GS2","G","0","10.5","2.578147","0.6978813","40.37706","0","0.2990448","0.2990448","W2","8"
"8/16/2022 4:44:54 PM","2","WRIST_ARM","GS2","G","0","10.5","2.503585","0.627924","42.88065","0","0.2990448","0.2990448","W2","9"
"8/16/2022 4:44:57 PM","2","WRIST_ARM","GS2","G","0","10.5","2.478345","0.5861464","45.35896","0","0.2990448","0.2990448","W2","10"
"8/16/2022 4:44:59 PM","2","WRIST_ARM","GS2","G","0","7","1.670855","0.5303653","47.02982","0","0.2990448","0.2990448","W2","11"
"8/16/2022 4:45:01 PM","2","WRIST_ARM","GS2","G","5","7","2.689693","0.7789353","49.71951","0","0.2990448","0.2990448","W2","12"
"8/16/2022 4:45:08 PM","2","WRIST_ARM","GS2","G","0","3.5","6.959805","6.959805","56.67935","1","0.3952893","0.3952893","W2","13"
"8/16/2022 4:45:11 PM","2","WRIST_ARM","GS2","G","0","10.5","2.492097","0.7089159","59.17147","0","0.3328655","3.658792","W2","14"
"8/16/2022 4:45:13 PM","2","WRIST_ARM","GS2","G","0","10.5","2.185308","0.4172827","61.35679","0","0.3328655","3.658792","W2","15"
"8/16/2022 4:45:17 PM","2","WRIST_ARM","GS2","G","2.5","10.5","3.719579","0.4724725","65.07639","0","0.2702315","7.999238","W2","16"
"8/16/2022 4:45:19 PM","2","WRIST_ARM","GS2","G","0","7","1.961452","0.7628231","67.03787","0","0.2702315","7.999238","W2","17"
"8/16/2022 4:45:20 PM","2","WRIST_ARM","GS2","G","2.5","3.5","1.798757","0.6536596","68.83663","0","0.2702315","7.999238","W2","18"
"8/16/2022 4:45:22 PM","2","WRIST_ARM","GS2","G","0","3.5","1.695054","0.5946953","70.53169","0","0.2702315","7.999238","W2","19"
"8/16/2022 4:45:25 PM","2","WRIST_ARM","GS2","G","2.5","7","2.565977","0.6131465","73.09763","0","0.2644061","9.989971","W2","20"
"8/16/2022 4:45:29 PM","2","WRIST_ARM","GS2","G","0","7","3.990692","0.6089908","77.08829","1","0.2644061","9.989971","W2","21"
"8/16/2022 4:45:31 PM","2","WRIST_ARM","GS2","G","0","7","2.091326","0.821206","79.17959","0","0.2912486","0.2421481","W2","22"
"8/16/2022 4:45:33 PM","2","WRIST_ARM","GS2","G","2.5","3.5","2.713933","1.152012","81.89349","0","0.2559132","0.2541104","W2","23"
"8/16/2022 4:45:36 PM","2","WRIST_ARM","GS2","G","0","7","2.075701","0.8077987","83.96916","0","0.2559132","0.2541104","W2","24"
"8/16/2022 4:45:37 PM","2","WRIST_ARM","GS2","G","2.5","3.5","1.809726","0.8189128","85.77885","0","0.2559132","0.2541104","W2","25"
"8/16/2022 4:45:39 PM","2","WRIST_ARM","GS2","G","0","3.5","1.669812","0.4972863","87.44865","0","0.2686172","0.2686172","W2","26"
"8/16/2022 4:45:42 PM","2","WRIST_ARM","GS2","G","2.5","7","2.728803","0.5548517","90.17746","0","0.2865733","0.3017024","W2","27"
"8/16/2022 4:45:44 PM","2","WRIST_ARM","GS2","G","0","10.5","2.072596","0.4850755","92.25004","0","0.2865733","0.3017024","W2","28"
"8/16/2022 4:45:45 PM","2","WRIST_ARM","GS2","G","0","7","1.37952","0.4603152","93.62957","0","0.3759954","0.2489838","W2","29"
"8/16/2022 4:45:49 PM","2","WRIST_ARM","GS2","G","5","7","3.46927","0.8644705","97.09882","0","0.3759954","0.2489838","W2","30"
"8/16/2022 4:45:51 PM","2","WRIST_ARM","GS2","G","0","7","2.27973","0.5812833","99.37858","1","0.3759954","0.2489838","W2","31"
"8/16/2022 4:45:54 PM","2","WRIST_ARM","GS2","G","0","7","3.259858","0.6549279","102.6384","1","0.2475804","3.903435","W2","32"
"8/16/2022 4:45:57 PM","2","WRIST_ARM","GS2","G","5","3.5","2.53374","1.127326","105.1722","0","0.2475804","3.903435","W2","33"
"8/16/2022 4:45:59 PM","2","WRIST_ARM","GS2","G","0","10.5","2.142657","0.6383961","107.3149","0","0.2013643","0.2013643","W2","34"
"8/16/2022 4:46:01 PM","2","WRIST_ARM","GS2","G","2.5","7","2.521708","0.5563939","109.8366","0","0.3748304","0.321259","W2","35"
"8/16/2022 4:46:04 PM","2","WRIST_ARM","GS2","G","0","3.5","2.283854","1.294679","112.1205","0","0.2934084","0.2934084","W2","36"
"8/16/2022 4:46:06 PM","2","WRIST_ARM","GS2","G","2.5","10.5","2.574736","0.4297805","114.6952","0","0.2858964","8.05088","W2","37"
"8/16/2022 4:46:08 PM","2","WRIST_ARM","GS2","G","0","3.5","1.572048","0.4977776","116.2673","0","0.2858964","8.05088","W2","38"
"8/16/2022 4:46:11 PM","2","WRIST_ARM","GS2","G","5","7","3.064912","0.5704762","119.3323","0","0.2858964","8.05088","W2","39"
"8/16/2022 4:46:13 PM","2","WRIST_ARM","GS2","G","0","3.5","2.225639","1.766605","121.5579","0","0.265931","2.668692","W2","40"
"8/16/2022 4:46:15 PM","2","WRIST_ARM","GS2","G","2.5","10.5","2.338323","0.4308862","123.8962","0","0.2439195","7.906715","W2","41"
"8/16/2022 4:46:19 PM","2","WRIST_ARM","GS2","G","0","10.5","3.815879","0.6404186","127.7121","1","0.2717289","0.3328463","W2","42"
"8/16/2022 4:46:23 PM","2","WRIST_ARM","GS2","G","5","10.5","3.938971","0.903035","131.6511","0","0.2717289","0.3328463","W2","43"
"8/16/2022 4:46:25 PM","2","WRIST_ARM","GS2","G","0","10.5","2.088982","0.7497281","133.7402","0","0.2579257","2.576375","W2","44"
"8/16/2022 4:46:32 PM","2","WRIST_ARM","GS2","G","5","10.5","6.795331","0.8487916","140.5354","0","0.3271929","8.978588","W2","45"
"8/16/2022 4:47:16 PM","2","WRIST_ARM","GS2","G","0","3.5","1.420194","0.8487916","1.420194","5","0.2224988","0.2224988","W2","1"
"8/16/2022 4:47:18 PM","2","WRIST_ARM","GS2","G","0","10.5","1.90742","0.5843611","3.327613","0","0.2224988","0.2224988","W2","2"
"8/16/2022 4:47:20 PM","2","WRIST_ARM","GS2","G","2.5","3.5","1.798433","0.5841116","5.126045","0","0.3621063","0.3621063","W2","3"
"8/16/2022 4:47:22 PM","2","WRIST_ARM","GS2","G","0","3.5","1.862698","1.09658","6.988746","0","0.3012246","0.3012246","W2","4"
"8/16/2022 4:47:23 PM","2","WRIST_ARM","GS2","G","0","10.5","1.616075","0.3758851","8.604822","0","0.2358151","2.995007","W2","5"
"8/16/2022 4:47:27 PM","2","WRIST_ARM","GS2","G","2.5","10.5","3.81535","0.4458404","12.42018","1","0.2358151","2.995007","W2","6"
"8/16/2022 4:47:29 PM","2","WRIST_ARM","GS2","G","0","10.5","1.739258","0.5420311","14.15944","0","0.2937348","3.09064","W2","7"
"8/16/2022 4:47:30 PM","2","WRIST_ARM","GS2","G","2.5","7","1.588524","0.4042488","15.74797","0","0.2780884","10.24838","W2","8"
"8/16/2022 4:47:32 PM","2","WRIST_ARM","GS2","G","0","10.5","1.741356","0.610546","17.48932","0","0.3857045","2.603988","W2","9"
"8/16/2022 4:47:35 PM","2","WRIST_ARM","GS2","G","5","7","3.089307","0.6931342","20.57863","1","0.3857045","2.603988","W2","10"
"8/16/2022 4:47:37 PM","2","WRIST_ARM","GS2","G","0","7","1.890686","0.7497571","22.46933","0","0.3857045","2.603988","W2","11"
"8/16/2022 4:47:39 PM","2","WRIST_ARM","GS2","G","2.5","3.5","1.714181","0.5996909","24.18351","0","0.3803226","0.3803226","W2","12"
"8/16/2022 4:47:40 PM","2","WRIST_ARM","GS2","G","0","3.5","1.322148","0.5007968","25.50565","0","0.2557435","0.2880114","W2","13"
"8/16/2022 4:47:43 PM","2","WRIST_ARM","GS2","G","2.5","10.5","2.56139","0.2369212","28.06704","1","0.3094931","0.3094931","W2","14"
"8/16/2022 4:47:44 PM","2","WRIST_ARM","GS2","G","0","3.5","1.51896","0.6956484","29.586","0","0.3181652","0.3973327","W2","15"
"8/16/2022 4:47:47 PM","2","WRIST_ARM","GS2","G","5","3.5","2.480064","0.9320293","32.06606","0","0.2596728","0.2596728","W2","16"
"8/16/2022 4:47:49 PM","2","WRIST_ARM","GS2","G","0","7","2.34962","0.8589222","34.41568","0","0.2596728","0.2596728","W2","17"
"8/16/2022 4:47:53 PM","2","WRIST_ARM","GS2","G","5","3.5","3.803355","1.69936","38.21906","1","0.2596728","0.2596728","W2","18"
"8/16/2022 4:47:55 PM","2","WRIST_ARM","GS2","G","0","7","1.946386","0.7072592","40.16542","0","0.2596728","0.2596728","W2","19"
"8/16/2022 4:47:57 PM","2","WRIST_ARM","GS2","G","5","3.5","2.481055","0.9176074","42.64648","0","0.3859647","12.57896","W2","20"
"8/16/2022 4:47:59 PM","2","WRIST_ARM","GS2","G","0","3.5","2.239619","1.47385","44.88608","0","0.2815226","0.2815226","W2","21"
"8/16/2022 4:48:03 PM","2","WRIST_ARM","GS2","G","2.5","10.5","3.536484","0.5011802","48.42256","0","0.2815226","0.2815226","W2","22"
"8/16/2022 4:48:04 PM","2","WRIST_ARM","GS2","G","0","7","1.503934","0.4585509","49.9265","0","0.248807","0.248807","W2","23"
"8/16/2022 4:48:06 PM","2","WRIST_ARM","GS2","G","0","7","1.655845","0.291303","51.58235","0","0.2935213","0.2935213","W2","24"
"8/16/2022 4:48:07 PM","2","WRIST_ARM","GS2","G","0","3.5","1.115779","0.4451159","52.69814","0","0.2935213","0.2935213","W2","25"
"8/16/2022 4:48:09 PM","2","WRIST_ARM","GS2","G","0","7","1.879295","0.4576208","54.57741","0","0.1986693","0.1986693","W2","26"
"8/16/2022 4:48:17 PM","2","WRIST_ARM","GS2","G","5","7","8.187494","1.421266","62.76496","3","0.2867651","0.2867651","W2","27"
"8/16/2022 4:48:20 PM","2","WRIST_ARM","GS2","G","0","3.5","2.599196","2.599196","65.36414","0","0.2064544","0.3878449","W2","28"
"8/16/2022 4:48:22 PM","2","WRIST_ARM","GS2","G","0","7","2.060749","0.4034277","67.42492","0","0.2642941","4.388092","W2","29"
"8/16/2022 4:48:24 PM","2","WRIST_ARM","GS2","G","0","10.5","2.03218","0.4280787","69.45712","0","0.2642941","4.388092","W2","30"
"8/16/2022 4:48:58 PM","2","WRIST_ARM","GS2","G","5","10.5","34.26733","0.5732785","103.7248","1","0.2728465","9.427238","W2","31"
"8/16/2022 4:49:01 PM","2","WRIST_ARM","GS2","G","0","10.5","2.282009","0.7336592","106.0069","0","0.2650785","0.2631149","W2","32"
"8/16/2022 4:49:03 PM","2","WRIST_ARM","GS2","G","0","10.5","2.197898","0.4568985","108.2048","0","0.2871242","3.376504","W2","33"
"8/16/2022 4:49:05 PM","2","WRIST_ARM","GS2","G","0","7","1.922945","0.3748685","110.1277","0","0.2641108","0.2641108","W2","34"
"8/16/2022 4:49:06 PM","2","WRIST_ARM","GS2","G","2.5","3.5","1.741496","0.4994096","111.8692","0","0.2384889","0.3480012","W2","35"
"8/16/2022 4:49:08 PM","2","WRIST_ARM","GS2","G","0","10.5","1.920525","0.6789408","113.7897","0","0.3575569","0.3575569","W2","36"
"8/16/2022 4:49:10 PM","2","WRIST_ARM","GS2","G","2.5","7","1.949461","0.694856","115.7392","0","0.3575569","0.3575569","W2","37"
"8/16/2022 4:49:12 PM","2","WRIST_ARM","GS2","G","0","10.5","2.000897","0.4861916","117.7401","0","0.3575569","0.3575569","W2","38"
"8/16/2022 4:49:30 PM","2","WRIST_ARM","GS2","G","5","10.5","17.22624","0.5314791","134.9664","1","0.3575569","0.3575569","W2","39"
"8/16/2022 4:49:32 PM","2","WRIST_ARM","GS2","G","0","7","2.110717","0.8453155","137.0771","0","0.2374623","0.3939565","W2","40"
"8/16/2022 4:49:51 PM","2","WRIST_ARM","GS2","G","5","10.5","19.18927","0.4742858","156.2663","0","0.2374623","0.3939565","W2","41"
"8/16/2022 4:49:53 PM","2","WRIST_ARM","GS2","G","0","3.5","2.321591","2.321591","158.5879","0","0.2872721","2.257143","W2","42"
"8/16/2022 4:49:55 PM","2","WRIST_ARM","GS2","G","2.5","7","2.231256","0.8501258","160.8191","0","0.2872721","2.257143","W2","43"
"8/16/2022 4:49:57 PM","2","WRIST_ARM","GS2","G","0","3.5","1.766043","1.376411","162.5852","0","0.348539","0.348539","W2","44"
"8/16/2022 4:50:03 PM","2","WRIST_ARM","GS2","G","5","7","5.74017","0.8912291","168.3253","0","0.348539","0.348539","W2","45"
"8/16/2022 4:55:45 PM","2","WRIST_ARM","GS2","G","0","3.5","1.625088","1.728336","1.625088","1","0.1903175","0.1903175","W1","1"
"8/16/2022 4:55:47 PM","2","WRIST_ARM","GS2","G","0","3.5","2.117879","0.4055011","3.742967","1","0.2341644","0.2341644","W1","2"
"8/16/2022 4:55:50 PM","2","WRIST_ARM","GS2","G","2.5","7","2.423084","0.4451306","6.166051","0","0.2847713","0.3399601","W1","3"
"8/16/2022 4:55:52 PM","2","WRIST_ARM","GS2","G","0","7","1.697114","0.6121008","7.863164","0","0.2847713","0.3399601","W1","4"
"8/16/2022 4:55:54 PM","2","WRIST_ARM","GS2","G","2.5","10.5","2.451341","0.7377494","10.31451","0","0.2847713","0.3399601","W1","5"
"8/16/2022 4:55:56 PM","2","WRIST_ARM","GS2","G","0","10.5","2.185096","0.5428813","12.4996","0","0.2608083","0.2608083","W1","6"
"8/16/2022 4:55:57 PM","2","WRIST_ARM","GS2","G","0","3.5","1.323857","0.4737486","13.82346","0","0.2605483","0.3416966","W1","7"
"8/16/2022 4:56:01 PM","2","WRIST_ARM","GS2","G","2.5","7","3.298652","0.2774218","17.12211","1","0.2605483","0.3416966","W1","8"
"8/16/2022 4:56:02 PM","2","WRIST_ARM","GS2","G","0","7","1.560466","0.4730452","18.68259","0","0.370308","0.370308","W1","9"
"8/16/2022 4:56:04 PM","2","WRIST_ARM","GS2","G","0","7","1.849781","0.3747912","20.53237","0","0.370308","0.370308","W1","10"
"8/16/2022 4:56:06 PM","2","WRIST_ARM","GS2","G","2.5","3.5","1.951763","0.9060908","22.48414","0","0.3940316","14.36242","W1","11"
"8/16/2022 4:56:09 PM","2","WRIST_ARM","GS2","G","0","10.5","2.656906","0.3743973","25.14105","1","0.3940316","14.36242","W1","12"
"8/16/2022 4:56:12 PM","2","WRIST_ARM","GS2","G","5","7","3.274521","0.9897997","28.4156","1","0.2758717","11.61703","W1","13"
"8/16/2022 4:56:35 PM","2","WRIST_ARM","GS2","G","0","3.5","22.46959","4.298555","50.88523","9","0.3558964","2.513238","W1","14"
"8/16/2022 4:56:37 PM","2","WRIST_ARM","GS2","G","2.5","3.5","2.575899","0.9170536","53.46113","0","0.3558964","2.513238","W1","15"
"8/16/2022 4:56:39 PM","2","WRIST_ARM","GS2","G","0","7","1.780547","0.5827513","55.2417","0","0.252773","0.252773","W1","16"
"8/16/2022 4:56:43 PM","2","WRIST_ARM","GS2","G","5","3.5","3.621975","1.574378","58.86369","0","0.252773","0.252773","W1","17"
"8/16/2022 4:56:45 PM","2","WRIST_ARM","GS2","G","0","7","2.015503","0.7904778","60.87919","0","0.2578249","0.3616574","W1","18"
"8/16/2022 4:57:02 PM","2","WRIST_ARM","GS2","G","5","10.5","17.22346","0.5426381","78.10262","0","0.2578249","0.3616574","W1","19"
"8/16/2022 4:57:04 PM","2","WRIST_ARM","GS2","G","0","10.5","2.059082","0.7788357","80.16172","0","0.2578249","0.3616574","W1","20"
"8/16/2022 4:57:06 PM","2","WRIST_ARM","GS2","G","0","7","1.823828","0.3340862","81.98553","0","0.2578249","0.3616574","W1","21"
"8/16/2022 4:57:08 PM","2","WRIST_ARM","GS2","G","5","7","1.991671","0.9048735","83.9772","1","0.354099","12.28343","W1","22"
"8/16/2022 4:57:09 PM","2","WRIST_ARM","GS2","G","0","7","1.614587","0.41678","85.5918","0","0.310671","2.783589","W1","23"
"8/16/2022 4:57:13 PM","2","WRIST_ARM","GS2","G","5","10.5","4.152128","0.793946","89.74391","0","0.310671","2.783589","W1","24"
"8/16/2022 4:57:16 PM","2","WRIST_ARM","GS2","G","0","10.5","2.420461","0.8032604","92.16439","0","0.2432521","3.107961","W1","25"
"8/16/2022 4:57:18 PM","2","WRIST_ARM","GS2","G","0","10.5","1.920817","0.5558667","94.08521","0","0.2853761","0.2853761","W1","26"
"8/16/2022 4:57:20 PM","2","WRIST_ARM","GS2","G","0","10.5","2.619742","0.7665972","96.70492","0","0.2633615","0.2633615","W1","27"
"8/16/2022 4:57:27 PM","2","WRIST_ARM","GS2","G","5","10.5","7.071222","0.8480669","103.7761","0","0.2633615","0.2633615","W1","28"
"8/16/2022 4:57:30 PM","2","WRIST_ARM","GS2","G","0","3.5","3.058967","1.429357","106.8351","1","0.2633615","0.2633615","W1","29"
"8/16/2022 4:57:32 PM","2","WRIST_ARM","GS2","G","2.5","3.5","1.978835","0.8505799","108.814","0","0.2633615","0.2633615","W1","30"
"8/16/2022 4:57:34 PM","2","WRIST_ARM","GS2","G","0","10.5","1.824976","0.6945181","110.639","0","0.3366783","2.860564","W1","31"
"8/16/2022 4:57:37 PM","2","WRIST_ARM","GS2","G","5","3.5","2.535125","1.351712","113.1741","0","0.3366783","2.860564","W1","32"
"8/16/2022 4:57:39 PM","2","WRIST_ARM","GS2","G","0","3.5","2.6034","0.9874628","115.7776","1","0.2811556","0.2811556","W1","33"
"8/16/2022 4:57:42 PM","2","WRIST_ARM","GS2","G","0","10.5","2.937458","1.112793","118.715","0","0.254481","0.254481","W1","34"
"8/16/2022 4:57:44 PM","2","WRIST_ARM","GS2","G","0","7","1.950355","0.6531137","120.6654","0","0.3171935","0.3171935","W1","35"
"8/16/2022 4:57:47 PM","2","WRIST_ARM","GS2","G","2.5","10.5","2.239928","0.7359586","122.9053","0","0.2969787","0.2969787","W1","36"
"8/16/2022 4:57:48 PM","2","WRIST_ARM","GS2","G","0","3.5","1.433246","0.7238961","124.3386","0","0.2969787","0.2969787","W1","37"
"8/16/2022 4:57:51 PM","2","WRIST_ARM","GS2","G","2.5","10.5","2.534389","0.7799311","126.873","0","0.2969787","0.2969787","W1","38"
"8/16/2022 4:57:52 PM","2","WRIST_ARM","GS2","G","0","3.5","1.588504","0.5826493","128.4616","0","0.2389659","0.3307537","W1","39"
"8/16/2022 4:57:54 PM","2","WRIST_ARM","GS2","G","0","3.5","1.571973","0.5706443","130.0336","0","0.3585604","0.3585604","W1","40"
"8/16/2022 4:57:55 PM","2","WRIST_ARM","GS2","G","2.5","7","1.783395","0.4307996","131.8169","0","0.33132","10.3573","W1","41"
"8/16/2022 4:57:58 PM","2","WRIST_ARM","GS2","G","0","10.5","2.268171","0.8329033","134.085","0","0.3368215","0.3368215","W1","42"
"8/16/2022 4:58:00 PM","2","WRIST_ARM","GS2","G","5","3.5","2.648934","1.283386","136.7339","0","0.3412127","0.3412127","W1","43"
"8/16/2022 4:58:03 PM","2","WRIST_ARM","GS2","G","0","7","2.432132","1.011288","139.166","0","0.3412127","0.3412127","W1","44"
"8/16/2022 4:58:07 PM","2","WRIST_ARM","GS2","G","5","7","3.817043","0.8501624","142.983","0","0.3412127","0.3412127","W1","45"
"8/16/2022 4:59:11 PM","2","WRIST_ARM","GS2","G","0","3.5","1.460244","0.8501624","1.460244","3","0.3110259","0.3110259","W1","1"
"8/16/2022 4:59:12 PM","2","WRIST_ARM","GS2","G","2.5","3.5","1.615669","0.4032781","3.075914","0","0.3399237","0.3399237","W1","2"
"8/16/2022 4:59:14 PM","2","WRIST_ARM","GS2","G","0","7","1.962324","0.4737144","5.038238","0","0.3421921","0.3421921","W1","3"
"8/16/2022 4:59:18 PM","2","WRIST_ARM","GS2","G","0","10.5","3.244986","0.6253139","8.283225","1","0.3421921","0.3421921","W1","4"
"8/16/2022 4:59:20 PM","2","WRIST_ARM","GS2","G","5","7","2.812186","1.278985","11.0954","0","0.2967982","12.27457","W1","5"
"8/16/2022 4:59:23 PM","2","WRIST_ARM","GS2","G","0","10.5","3.158128","0.6315243","14.25354","0","0.27547","0.27547","W1","6"
"8/16/2022 4:59:26 PM","2","WRIST_ARM","GS2","G","2.5","10.5","2.841457","0.4611259","17.095","1","0.27547","0.27547","W1","7"
"8/16/2022 4:59:28 PM","2","WRIST_ARM","GS2","G","0","3.5","1.516189","0.5287615","18.61119","0","0.27547","0.27547","W1","8"
"8/16/2022 4:59:30 PM","2","WRIST_ARM","GS2","G","2.5","7","2.091478","0.4336548","20.70266","0","0.2608529","0.2608529","W1","9"
"8/16/2022 4:59:31 PM","2","WRIST_ARM","GS2","G","0","7","1.500489","0.4027329","22.20315","0","0.3292093","3.264559","W1","10"
"8/16/2022 4:59:33 PM","2","WRIST_ARM","GS2","G","0","3.5","1.435225","0.3650088","23.63838","0","0.3702873","0.3702873","W1","11"
"8/16/2022 4:59:37 PM","2","WRIST_ARM","GS2","G","5","3.5","3.734519","1.547707","27.37291","0","0.3702873","0.3702873","W1","12"
"8/16/2022 4:59:39 PM","2","WRIST_ARM","GS2","G","0","7","2.12558","0.8876829","29.49849","0","0.2331002","2.68891","W1","13"
"8/16/2022 4:59:41 PM","2","WRIST_ARM","GS2","G","2.5","3.5","1.979556","0.8766457","31.47805","0","0.2331002","2.68891","W1","14"
"8/16/2022 4:59:43 PM","2","WRIST_ARM","GS2","G","0","10.5","2.462267","0.6524902","33.9403","0","0.2331002","2.68891","W1","15"
"8/16/2022 5:00:21 PM","2","WRIST_ARM","GS2","G","5","10.5","37.66283","0.7093143","71.60307","4","0.2331002","2.68891","W1","16"
"8/16/2022 5:00:34 PM","2","WRIST_ARM","GS2","G","0","3.5","12.93167","2.892289","84.53477","4","0.2331002","2.68891","W1","17"
"8/16/2022 5:00:36 PM","2","WRIST_ARM","GS2","G","2.5","3.5","2.479444","1.155419","87.01422","0","0.2598838","0.3472065","W1","18"
"8/16/2022 5:00:38 PM","2","WRIST_ARM","GS2","G","0","3.5","2.19844","2.19844","89.21265","1","0.3274416","0.3274416","W1","19"
"8/16/2022 5:00:41 PM","2","WRIST_ARM","GS2","G","0","10.5","2.618099","0.8634662","91.83073","0","0.2363831","3.983011","W1","20"
"8/16/2022 5:00:44 PM","2","WRIST_ARM","GS2","G","5","7","2.771012","1.435087","94.60176","0","0.2363831","3.983011","W1","21"
"8/16/2022 5:00:46 PM","2","WRIST_ARM","GS2","G","0","10.5","2.01857","0.9574848","96.62041","0","0.2622078","0.2622078","W1","22"
"8/16/2022 5:00:47 PM","2","WRIST_ARM","GS2","G","0","3.5","1.238272","0.390795","97.85871","0","0.3569271","0.3569271","W1","23"
"8/16/2022 5:00:54 PM","2","WRIST_ARM","GS2","G","5","7","6.823858","1.003973","104.6826","4","0.3466577","0.3466577","W1","24"
"8/16/2022 5:00:56 PM","2","WRIST_ARM","GS2","G","0","10.5","2.238761","0.8875777","106.9214","0","0.2619646","0.2619646","W1","25"
"8/16/2022 5:00:59 PM","2","WRIST_ARM","GS2","G","0","10.5","2.996663","0.5704792","109.918","1","0.2619646","0.2619646","W1","26"
"8/16/2022 5:01:02 PM","2","WRIST_ARM","GS2","G","2.5","7","3.102604","0.8460625","113.0206","0","0.2883207","0.2883207","W1","27"
"8/16/2022 5:01:04 PM","2","WRIST_ARM","GS2","G","0","3.5","1.615556","0.9164869","114.6362","0","0.2371755","0.2371755","W1","28"
"8/16/2022 5:01:07 PM","2","WRIST_ARM","GS2","G","2.5","10.5","2.923511","0.5968103","117.5597","0","0.333759","0.333759","W1","29"
"8/16/2022 5:01:10 PM","2","WRIST_ARM","GS2","G","0","10.5","2.895346","0.5412227","120.455","1","0.2678473","0.2678473","W1","30"
"8/16/2022 5:01:12 PM","2","WRIST_ARM","GS2","G","2.5","7","1.866946","0.5559878","122.3219","0","0.2554178","10.27833","W1","31"
"8/16/2022 5:01:13 PM","2","WRIST_ARM","GS2","G","0","7","1.670551","0.4439233","123.9925","0","0.3050061","3.271245","W1","32"
"8/16/2022 5:01:15 PM","2","WRIST_ARM","GS2","G","0","7","1.87852","0.6520824","125.871","0","0.2918765","0.2918765","W1","33"
"8/16/2022 5:01:27 PM","2","WRIST_ARM","GS2","G","5","10.5","11.94583","1.01803","137.8168","2","0.2918765","0.2918765","W1","34"
"8/16/2022 5:01:50 PM","2","WRIST_ARM","GS2","G","0","3.5","23.26477","1.837018","161.0815","10","0.2277638","0.2277638","W1","35"
"8/16/2022 5:01:53 PM","2","WRIST_ARM","GS2","G","2.5","10.5","3.077003","1.140188","164.1586","0","0.2277638","0.2277638","W1","36"
"8/16/2022 5:01:56 PM","2","WRIST_ARM","GS2","G","0","10.5","2.657473","0.5125406","166.8162","0","0.3392452","2.774775","W1","37"
"8/16/2022 5:01:59 PM","2","WRIST_ARM","GS2","G","5","3.5","2.673019","1.366926","169.4891","0","0.3392452","2.774775","W1","38"
"8/16/2022 5:02:00 PM","2","WRIST_ARM","GS2","G","0","7","1.752238","0.6107809","171.2414","0","0.2332879","2.586314","W1","39"
"8/16/2022 5:02:02 PM","2","WRIST_ARM","GS2","G","0","7","1.562366","0.3344392","172.8038","0","0.2332879","2.586314","W1","40"
"8/16/2022 5:02:09 PM","2","WRIST_ARM","GS2","G","5","10.5","7.42035","0.8490254","180.2241","1","0.3626525","8.943919","W1","41"
"8/16/2022 5:02:12 PM","2","WRIST_ARM","GS2","G","0","3.5","2.169757","1.894883","182.3939","0","0.343389","0.343389","W1","42"
"8/16/2022 5:02:14 PM","2","WRIST_ARM","GS2","G","0","7","2.159396","1.030638","184.5533","0","0.2687348","0.2687348","W1","43"
"8/16/2022 5:02:16 PM","2","WRIST_ARM","GS2","G","0","7","2.020781","0.69594","186.5741","0","0.2687348","0.2687348","W1","44"
"8/16/2022 5:02:19 PM","2","WRIST_ARM","GS2","G","5","3.5","3.286246","1.377455","189.8604","0","0.2687348","0.2687348","W1","45"
"8/16/2022 5:06:25 PM","2","WRIST_ARM","GS2","G","0","10.5","3.477779","0.5018068","3.477779","0","0.2858332","3.166671","W3","1"
"8/16/2022 5:06:26 PM","2","WRIST_ARM","GS2","G","0","3.5","1.601402","0.5159364","5.079181","0","0.2858332","3.166671","W3","2"
"8/16/2022 5:06:28 PM","2","WRIST_ARM","GS2","G","2.5","3.5","2.242275","1.001225","7.321458","0","0.2858332","3.166671","W3","3"
"8/16/2022 5:06:30 PM","2","WRIST_ARM","GS2","G","0","7","2.016726","0.639724","9.338181","0","0.2858332","3.166671","W3","4"
"8/16/2022 5:06:33 PM","2","WRIST_ARM","GS2","G","2.5","3.5","2.395735","1.128041","11.73391","0","0.254743","0.254743","W3","5"
"8/16/2022 5:06:34 PM","2","WRIST_ARM","GS2","G","0","7","1.685369","0.7101454","13.41928","0","0.254743","0.254743","W3","6"
"8/16/2022 5:06:36 PM","2","WRIST_ARM","GS2","G","0","7","1.822829","0.4744524","15.24211","0","0.3015927","0.3015927","W3","7"
"8/16/2022 5:06:39 PM","2","WRIST_ARM","GS2","G","0","7","2.39525","0.6116704","17.63736","0","0.2519549","0.3936574","W3","8"
"8/16/2022 5:06:41 PM","2","WRIST_ARM","GS2","G","0","10.5","1.8372","0.5572845","19.47456","0","0.2519549","0.3936574","W3","9"
"8/16/2022 5:06:44 PM","2","WRIST_ARM","GS2","G","2.5","10.5","3.094553","0.5699388","22.56911","0","0.2519549","0.3936574","W3","10"
"8/16/2022 5:06:45 PM","2","WRIST_ARM","GS2","G","0","7","1.805613","0.6507105","24.37472","0","0.2758757","0.2758757","W3","11"
"8/16/2022 5:07:07 PM","2","WRIST_ARM","GS2","G","5","10.5","21.0941","1.087681","45.4688","3","0.2758757","0.2758757","W3","12"
"8/16/2022 5:07:09 PM","2","WRIST_ARM","GS2","G","0","3.5","2.062305","1.26502","47.53109","0","0.2649915","0.4081652","W3","13"
"8/16/2022 5:07:13 PM","2","WRIST_ARM","GS2","G","2.5","7","4.366725","0.5698451","51.89782","1","0.2649915","0.4081652","W3","14"
"8/16/2022 5:07:15 PM","2","WRIST_ARM","GS2","G","0","10.5","2.511641","0.4615676","54.40944","0","0.3664708","0.3664708","W3","15"
"8/16/2022 5:07:19 PM","2","WRIST_ARM","GS2","G","2.5","10.5","3.127349","0.3876407","57.53679","0","0.3664708","0.3664708","W3","16"
"8/16/2022 5:07:20 PM","2","WRIST_ARM","GS2","G","0","3.5","1.643892","0.8361188","59.18069","0","0.2676481","0.2676481","W3","17"
"8/16/2022 5:07:22 PM","2","WRIST_ARM","GS2","G","2.5","10.5","2.007069","0.2921393","61.18777","0","0.2676481","0.2676481","W3","18"
"8/16/2022 5:07:24 PM","2","WRIST_ARM","GS2","G","0","10.5","1.752268","0.4298873","62.94002","0","0.328021","0.3197435","W3","19"
"8/16/2022 5:07:26 PM","2","WRIST_ARM","GS2","G","0","7","1.519045","0.3060009","64.45907","0","0.328021","0.3197435","W3","20"
"8/16/2022 5:07:28 PM","2","WRIST_ARM","GS2","G","5","7","2.617556","0.9451995","67.07661","0","0.350516","0.4208674","W3","21"
"8/16/2022 5:07:30 PM","2","WRIST_ARM","GS2","G","0","10.5","1.794634","0.6792885","68.8712","0","0.350516","0.4208674","W3","22"
"8/16/2022 5:07:32 PM","2","WRIST_ARM","GS2","G","0","10.5","1.782968","0.5287784","70.6542","0","0.3509313","0.3509313","W3","23"
"8/16/2022 5:07:34 PM","2","WRIST_ARM","GS2","G","5","3.5","2.686358","1.277537","73.34056","0","0.3509313","0.3509313","W3","24"
"8/16/2022 5:07:37 PM","2","WRIST_ARM","GS2","G","0","3.5","2.379186","2.379186","75.71972","1","0.2985776","0.2790898","W3","25"
"8/16/2022 5:07:38 PM","2","WRIST_ARM","GS2","G","0","3.5","1.296214","0.3623759","77.01595","0","0.2985776","0.2790898","W3","26"
"8/16/2022 5:07:40 PM","2","WRIST_ARM","GS2","G","2.5","3.5","2.021485","0.9604295","79.03741","0","0.2985776","0.2790898","W3","27"
"8/16/2022 5:07:42 PM","2","WRIST_ARM","GS2","G","0","7","1.959064","0.4140815","80.99652","0","0.2677691","3.974202","W3","28"
"8/16/2022 5:07:48 PM","2","WRIST_ARM","GS2","G","5","10.5","6.211779","0.696883","87.20834","0","0.3370417","9.174533","W3","29"
"8/16/2022 5:07:51 PM","2","WRIST_ARM","GS2","G","0","10.5","2.44925","0.985474","89.65755","0","0.3370417","9.174533","W3","30"
"8/16/2022 5:07:53 PM","2","WRIST_ARM","GS2","G","5","7","2.284548","1.058697","91.94209","0","0.3370417","9.174533","W3","31"
"8/16/2022 5:07:55 PM","2","WRIST_ARM","GS2","G","0","3.5","2.156925","2.156925","94.09896","0","0.2591907","0.2591907","W3","32"
"8/16/2022 5:07:57 PM","2","WRIST_ARM","GS2","G","0","10.5","1.991997","0.5695471","96.09096","0","0.247348","0.2483717","W3","33"
"8/16/2022 5:07:59 PM","2","WRIST_ARM","GS2","G","2.5","7","1.867666","0.3744969","97.95862","0","0.3128019","0.3679991","W3","34"
"8/16/2022 5:08:01 PM","2","WRIST_ARM","GS2","G","0","3.5","1.529211","1.529211","99.48782","0","0.3464497","0.3464497","W3","35"
"8/16/2022 5:08:03 PM","2","WRIST_ARM","GS2","G","0","10.5","2.132613","0.4725229","101.6204","0","0.3333541","3.99211","W3","36"
"8/16/2022 5:08:06 PM","2","WRIST_ARM","GS2","G","5","3.5","3.227955","1.195574","104.8484","0","0.3333541","3.99211","W3","37"
"8/16/2022 5:08:08 PM","2","WRIST_ARM","GS2","G","0","7","1.640906","0.6096664","106.4893","0","0.2394571","2.984472","W3","38"
"8/16/2022 5:08:10 PM","2","WRIST_ARM","GS2","G","2.5","7","2.92534","0.5296292","109.4147","1","0.2394571","2.984472","W3","39"
"8/16/2022 5:08:12 PM","2","WRIST_ARM","GS2","G","0","3.5","1.88115","0.7366611","111.2958","0","0.349976","0.349976","W3","40"
"8/16/2022 5:08:23 PM","2","WRIST_ARM","GS2","G","5","10.5","10.99646","0.4722568","122.2923","1","0.349976","0.349976","W3","41"
"8/16/2022 5:08:25 PM","2","WRIST_ARM","GS2","G","0","3.5","1.989309","1.068851","124.2815","0","0.349976","0.349976","W3","42"
"8/16/2022 5:08:28 PM","2","WRIST_ARM","GS2","G","5","3.5","2.936783","1.530345","127.2183","0","0.3368012","0.3368012","W3","43"
"8/16/2022 5:08:30 PM","2","WRIST_ARM","GS2","G","0","7","1.92299","0.7644926","129.1413","0","0.2319703","0.2714539","W3","44"
"8/16/2022 5:08:36 PM","2","WRIST_ARM","GS2","G","5","7","5.459064","0.8486441","134.6005","2","0.2319703","0.2714539","W3","45"
"8/16/2022 5:09:32 PM","2","WRIST_ARM","GS2","G","0","10.5","2.797032","0.8486441","2.797032","10","0.3378046","0.3930804","W3","1"
"8/16/2022 5:09:34 PM","2","WRIST_ARM","GS2","G","5","7","2.324443","0.9170964","5.121477","0","0.2307599","0.2307599","W3","2"
"8/16/2022 5:09:36 PM","2","WRIST_ARM","GS2","G","0","10.5","2.268469","0.4178484","7.389946","0","0.2307599","0.2307599","W3","3"
"8/16/2022 5:09:38 PM","2","WRIST_ARM","GS2","G","0","3.5","1.21184","0.4055857","8.601785","0","0.2307599","0.2307599","W3","4"
"8/16/2022 5:09:39 PM","2","WRIST_ARM","GS2","G","0","3.5","1.297652","0.3492416","9.899432","0","0.2307599","0.2307599","W3","5"
"8/16/2022 5:09:41 PM","2","WRIST_ARM","GS2","G","0","3.5","2.155165","0.4573507","12.0546","1","0.2407033","0.2407033","W3","6"
"8/16/2022 5:09:44 PM","2","WRIST_ARM","GS2","G","5","3.5","2.633595","1.211328","14.68819","0","0.2407033","0.2407033","W3","7"
"8/16/2022 5:09:46 PM","2","WRIST_ARM","GS2","G","0","7","2.103392","0.51364","16.79158","0","0.2769854","0.2769854","W3","8"
"8/16/2022 5:09:47 PM","2","WRIST_ARM","GS2","G","0","3.5","1.361106","0.5126544","18.15269","0","0.3237153","3.096833","W3","9"
"8/16/2022 5:09:50 PM","2","WRIST_ARM","GS2","G","2.5","10.5","2.645164","0.2530019","20.79786","0","0.31823","7.741093","W3","10"
"8/16/2022 5:09:51 PM","2","WRIST_ARM","GS2","G","0","10.5","1.503274","0.4467322","22.30113","0","0.2140903","0.2140903","W3","11"
"8/16/2022 5:09:53 PM","2","WRIST_ARM","GS2","G","0","10.5","1.559142","0.3486825","23.86028","0","0.2950678","0.2950678","W3","12"
"8/16/2022 5:09:55 PM","2","WRIST_ARM","GS2","G","2.5","3.5","1.868308","0.6824233","25.72859","0","0.2950678","0.2950678","W3","13"
"8/16/2022 5:09:57 PM","2","WRIST_ARM","GS2","G","0","7","1.765958","0.4028197","27.49456","0","0.2950678","0.2950678","W3","14"
"8/16/2022 5:09:58 PM","2","WRIST_ARM","GS2","G","2.5","7","1.687425","0.4866405","29.18198","0","0.2737205","10.33666","W3","15"
"8/16/2022 5:10:00 PM","2","WRIST_ARM","GS2","G","0","3.5","1.292926","0.4430627","30.4749","0","0.2923556","0.2923556","W3","16"
"8/16/2022 5:10:01 PM","2","WRIST_ARM","GS2","G","0","10.5","1.657773","0.3331202","32.13269","0","0.2923556","0.2923556","W3","17"
"8/16/2022 5:10:09 PM","2","WRIST_ARM","GS2","G","5","10.5","7.447889","0.82061","39.58057","2","0.355862","0.355862","W3","18"
"8/16/2022 5:10:10 PM","2","WRIST_ARM","GS2","G","0","3.5","1.698208","1.166273","41.27878","0","0.2808437","0.2808437","W3","19"
"8/16/2022 5:10:13 PM","2","WRIST_ARM","GS2","G","5","3.5","2.662529","1.07074","43.94129","0","0.2808437","0.2808437","W3","20"
"8/16/2022 5:10:17 PM","2","WRIST_ARM","GS2","G","0","10.5","4.158318","0.6351408","48.09961","1","0.2808437","0.2808437","W3","21"
"8/16/2022 5:10:19 PM","2","WRIST_ARM","GS2","G","0","7","1.811146","0.4173525","49.91076","0","0.2808437","0.2808437","W3","22"
"8/16/2022 5:10:23 PM","2","WRIST_ARM","GS2","G","2.5","10.5","4.177742","0.6678074","54.08848","1","0.2808437","0.2808437","W3","23"
"8/16/2022 5:10:24 PM","2","WRIST_ARM","GS2","G","0","3.5","1.264414","0.5266281","55.35289","0","0.2998355","0.2998355","W3","24"
"8/16/2022 5:10:26 PM","2","WRIST_ARM","GS2","G","0","7","1.828375","0.4594969","57.18126","0","0.2998355","0.2998355","W3","25"
"8/16/2022 5:10:29 PM","2","WRIST_ARM","GS2","G","2.5","7","2.337231","0.8871619","59.51852","0","0.2998355","0.2998355","W3","26"
"8/16/2022 5:10:30 PM","2","WRIST_ARM","GS2","G","0","7","1.601503","0.5683507","61.12004","0","0.2393514","0.2352256","W3","27"
"8/16/2022 5:10:33 PM","2","WRIST_ARM","GS2","G","5","3.5","3.15929","1.891622","64.27935","0","0.2393514","0.2352256","W3","28"
"8/16/2022 5:10:36 PM","2","WRIST_ARM","GS2","G","0","7","2.28196","0.5264397","66.5613","1","0.2410256","0.2410256","W3","29"
"8/16/2022 5:10:38 PM","2","WRIST_ARM","GS2","G","2.5","10.5","2.714338","0.4175272","69.27563","0","0.2410256","0.2410256","W3","30"
"8/16/2022 5:10:40 PM","2","WRIST_ARM","GS2","G","0","10.5","2.062193","0.4860575","71.33784","0","0.3065007","0.275091","W3","31"
"8/16/2022 5:10:43 PM","2","WRIST_ARM","GS2","G","2.5","7","2.380754","0.3885089","73.71863","1","0.2798563","10.89079","W3","32"
"8/16/2022 5:10:44 PM","2","WRIST_ARM","GS2","G","0","3.5","1.600395","0.6391531","75.31898","0","0.2798563","10.89079","W3","33"
"8/16/2022 5:10:48 PM","2","WRIST_ARM","GS2","G","5","7","3.648512","0.5141357","78.9675","1","0.3998899","0.3335454","W3","34"
"8/16/2022 5:10:51 PM","2","WRIST_ARM","GS2","G","0","7","2.712956","0.5820007","81.6805","1","0.3998899","0.3335454","W3","35"
"8/16/2022 5:11:05 PM","2","WRIST_ARM","GS2","G","5","10.5","14.3966","0.4873569","96.07702","6","0.3380119","9.033607","W3","36"
"8/16/2022 5:11:07 PM","2","WRIST_ARM","GS2","G","0","3.5","1.711594","0.9436536","97.78863","0","0.3380119","9.033607","W3","37"
"8/16/2022 5:11:08 PM","2","WRIST_ARM","GS2","G","2.5","3.5","1.504924","0.4734871","99.29356","0","0.3380119","9.033607","W3","38"
"8/16/2022 5:11:10 PM","2","WRIST_ARM","GS2","G","0","10.5","2.006523","0.598147","101.3001","0","0.3350901","0.3350901","W3","39"
"8/16/2022 5:11:13 PM","2","WRIST_ARM","GS2","G","5","7","2.979109","0.8756532","104.2792","0","0.3350901","0.3350901","W3","40"
"8/16/2022 5:11:16 PM","2","WRIST_ARM","GS2","G","0","7","2.699528","0.5814266","106.9787","1","0.2674104","0.2674104","W3","41"
"8/16/2022 5:11:18 PM","2","WRIST_ARM","GS2","G","2.5","3.5","1.501615","0.5408159","108.4804","0","0.301866","0.301866","W3","42"
"8/16/2022 5:11:21 PM","2","WRIST_ARM","GS2","G","0","10.5","3.621073","0.4169858","112.1014","0","0.301866","0.301866","W3","43"
"8/16/2022 5:11:23 PM","2","WRIST_ARM","GS2","G","0","7","2.074247","0.4178992","114.1757","0","0.301866","0.301866","W3","44"
"8/16/2022 5:11:45 PM","2","WRIST_ARM","GS2","G","5","10.5","21.91541","0.7805943","136.0912","3","0.3130939","0.3130939","W3","45"
